VA CLASSES,43
RESPIRATORY TRACT MEDICATIONS,26
CENTRAL NERVOUS SYSTEM MEDICATIONS,25
ANALGESICS,22
HORMONES/SYNTHETICS/MODIFIERS,17
NON-OPIOID ANALGESICS,17
"COLD REMEDIES,COMBINATIONS",14
MUSCULOSKELETAL MEDICATIONS,14
OPIOID ANALGESICS,12
"CNS MEDICATIONS,OTHER",12
ANTIRHEUMATICS,11
"NONSALICYLATE NSAIs,ANTIRHEUMATIC",11
"COLD REMEDIES,OTHER",10
GASTROINTESTINAL MEDICATIONS,10
VITAMINS,9
"VITAMINS,COMBINATIONS",9
NON-OPIOID-CONTAINING ANTITUSSIVES/EXPECTORANTS,9
ANTITUSSIVES/EXPECTORANTS,9
MULTIVITAMINS,9
"VITAMIN COMBINATIONS,OTHER",8
ANTIASTHMA/BRONCHODILATORS,8
MULTIVITAMINS WITH MINERALS,8
"ANTIASTHMA,OTHER",7
NON-STEROIDAL ANTI-INFLAMMATORY ANALGESICS,7
"BRONCHODILATORS,SYMPATHOMIMETIC,ORAL",6
"ORAL HYPOGLYCEMIC AGENTS,ORAL",6
HYPEROSMOTIC LAXATIVES,6
ANTIMICROBIALS,6
VITAMIN C,6
LAXATIVES,6
BLOOD GLUCOSE REGULATION AGENTS,6
"BRONCHODILATORS,SYMPATHOMIMETIC,INHALATION",6
CARDIOVASCULAR MEDICATIONS,6
ANTIHISTAMINE/DECONGESTANT/EXPECTORANT,5
ANTIHYPERTENSIVE COMBINATIONS,4
"CONTRACEPTIVES,SYSTEMIC",4
"ANTI-INFLAMMATORIES,INHALATION",4
"ANTI-INFLAMMATORIES,NASAL",4
ACE INHIBITORS,4
"NASAL AND THROAT AGENTS,TOPICAL",4
"DECONGESTANTS,SYSTEMIC",4
THYROID MODIFIERS,4
ANTILIPEMIC AGENTS,3
ANTACIDS,3
VITAMIN B,3
"VITAMIN B,OTHER",3
OPHTHALMIC AGENTS,3
ERYTHROMYCINS/MACROLIDES,3
"ANTI-INFECTIVE,TOPICAL OPHTHALMIC",3
GLUCOCORTICOIDS,3
DERMATOLOGICAL AGENTS,3
"ANTIBACTERIALS,TOPICAL OPHTHALMIC",3
DECONGESTANT/ANTITUSSIVE/EXPECTORANT/ANALGESIC,3
CALCIUM CHANNEL BLOCKERS,3
PLATELET AGGREGATION INHIBITORS,3
SKELETAL MUSCLE RELAXANTS,3
ANTINEOPLASTIC HORMONES,3
THYROID SUPPLEMENTS,3
BLOOD PRODUCTS/MODIFIERS/VOLUME EXPANDERS,3
"ANTIHISTAMINES,PIPERAZINE",3
ANTIHISTAMINES,3
ANTIMIGRAINE AGENTS,3
ADRENAL CORTICOSTERIODS,3
ANTIDEPRESSANTS,3
"ANTIDEPRESSANTS,OTHER",3
SODIUM BICARBONATE CONTAINING ANTACIDS,3
ANTINEOPLASTICS,3
"HORMONES/SYNTHETICS/MODIFIERS,OTHER",3
ANTIHISTAMINE/ANTITUSSIVE,2
ANTIHISTAMINE/ANTITUSSIVE/ANALGESIC,2
DECONGESTANT/ANTITUSSIVE/ANALGESIC,2
ANTIVIRALS,2
PROGESTINS,2
CYANOCOBALAMIN,2
VACCINES,2
IMMUNOLOGICAL AGENTS,2
PENICILLINS AND BETA-LACTAM ANTIMICROBIALS,2
"ANTI-INFLAMMATORY,TOPICAL",2
OPIOID-CONTAINING ANTITUSSIVES/EXPECTORANTS,1
"ANTIHISTAMINES,NASAL",1
"DERMATOLOGICALS,SYSTEMIC,OTHER",1
ANTIPARKINSON AGENTS,1
TETRACYCLINES,1
"ANTIBACTERIALS,TOPICAL OTIC",1
OTIC AGENTS,1
ANTIVERTIGO AGENTS,1
DECONGESTANT/ANTITUSSIVE/EXPECTORANT,1
"HYPOGLYCEMIC AGENTS,OTHER",1
DECONGESTANT/EXPECTORANT,1
ANTIEMETICS,1
ANTITHYROID AGENTS,1
THIAZIDES/RELATED DIURETICS,1
CEPHALOSPORIN 3RD GENERATION,1
"GASTRIC MEDICATIONS,OTHER",1
ANTIULCER AGENTS,1
H. PYLORI AGENTS,1
BENZODIAZEPINE DERIVATIVE SEDATIVES/HYPNOTICS,1
SEDATIVES/HYPONTICS,1
DIURETICS,1
ANTIHISTAMINE/DECONGESTANT,1
BETA BLOCKERS/RELATED,1
"ANTIHISTAMINES,OTHER",1
"PENICILLINS,AMINO DERIVATIVES",1
ANTICONVULSANTS,1
"ANTI-INFECTIVE,TOPICAL OTIC",1
